{"meta":{"version":1,"warehouse":"2.2.0"},"models":{"Asset":[{"_id":"themes/casual/source/1.png","path":"1.png","modified":0,"renderable":1},{"_id":"themes/casual/source/404.html","path":"404.html","modified":0,"renderable":1},{"_id":"themes/casual/source/favicon.png","path":"favicon.png","modified":0,"renderable":1},{"_id":"themes/casual/source/weixin.jpg","path":"weixin.jpg","modified":0,"renderable":1},{"_id":"themes/casual/source/css/icon.css","path":"css/icon.css","modified":0,"renderable":1},{"_id":"themes/casual/source/font/bdfont-symbol.svg","path":"font/bdfont-symbol.svg","modified":0,"renderable":1},{"_id":"themes/casual/source/font/bdfont.eot","path":"font/bdfont.eot","modified":0,"renderable":1},{"_id":"themes/casual/source/font/bdfont.ttf","path":"font/bdfont.ttf","modified":0,"renderable":1},{"_id":"themes/casual/source/font/bdfont.woff","path":"font/bdfont.woff","modified":0,"renderable":1},{"_id":"themes/casual/source/font/sourcesanspro.woff2","path":"font/sourcesanspro.woff2","modified":0,"renderable":1},{"_id":"themes/casual/source/js/posfixed.js","path":"js/posfixed.js","modified":0,"renderable":1},{"_id":"themes/casual/source/js/search.js","path":"js/search.js","modified":0,"renderable":1},{"_id":"themes/casual/source/js/utils.js","path":"js/utils.js","modified":0,"renderable":1},{"_id":"themes/casual/source/scss/casual.scss","path":"scss/casual.scss","modified":0,"renderable":1},{"_id":"themes/casual/source/font/sourcesanspro.woff","path":"font/sourcesanspro.woff","modified":0,"renderable":1},{"_id":"themes/casual/source/font/bdfont.svg","path":"font/bdfont.svg","modified":0,"renderable":1},{"_id":"themes/casual/source/image/default_thumbnail.jpg","path":"image/default_thumbnail.jpg","modified":0,"renderable":1}],"Cache":[{"_id":"themes/casual/.gitignore","hash":"d6cc8c2730e89bbee83e01a5a4490f8dbf12c332","modified":1504756666365},{"_id":"themes/casual/LICENSE","hash":"d13ff718418ad8843251ecadccae4cc792787204","modified":1504756666366},{"_id":"themes/casual/README.md","hash":"5b67f05551b400b7f0b6597333aca327d95d5810","modified":1504756666367},{"_id":"themes/casual/_config.yml","hash":"ee1acd9f77e1a5811e1ce6542a956c10f1b34040","modified":1504781114116},{"_id":"themes/casual/package.json","hash":"a92d9673fd22601603cdb845ccd13fe01bfddd9d","modified":1504756666382},{"_id":"themes/casual/gulpfile.js","hash":"66ca56890f856cae68a1b044874622832ce396ff","modified":1504756666368},{"_id":"themes/casual/support.png","hash":"a6d8498553550c6b18a8f22bcd2f53c993c7d677","modified":1504756666409},{"_id":"source/_posts/test17907.md","hash":"647887c59492cbb5ef5e9e317eac9a529a06e1b9","modified":1504773434537},{"_id":"source/_posts/hello-world.md","hash":"86b055b9347e577cc85fdff1d1db30950d8e0539","modified":1504775846709},{"_id":"themes/casual/.git/HEAD","hash":"acbaef275e46a7f14c1ef456fff2c8bbe8c84724","modified":1504756666352},{"_id":"themes/casual/.git/config","hash":"d8bdbdfc4cdb14bde159da07801b637b6b32c2e2","modified":1504756666358},{"_id":"themes/casual/.git/description","hash":"9635f1b7e12c045212819dd934d809ef07efa2f4","modified":1504756657671},{"_id":"themes/casual/.git/index","hash":"b94d762a796ae23b6bdd2acad4e07e796fb7b8f7","modified":1504756666409},{"_id":"themes/casual/.git/packed-refs","hash":"9801694185b9d848f80816226a7cf58933346753","modified":1504756666346},{"_id":"themes/casual/layout/about.jade","hash":"114abdb6d1f71c877c21b26324cc820041a37a6c","modified":1504756666371},{"_id":"themes/casual/layout/index.jade","hash":"b4a560e54e5c873ce4b730e37d63769e1be7c597","modified":1504756666372},{"_id":"themes/casual/layout/archive.jade","hash":"74af3ffb8d35b501b407db35e5703e1e3156c43a","modified":1504756666372},{"_id":"themes/casual/layout/post.jade","hash":"ba74d326fd1f131ae53f3cc0f1d3b9185c3aa5aa","modified":1504756666380},{"_id":"themes/casual/layout/resume.jade","hash":"337091faa9418eb517d69e47a6c63c92ed942af7","modified":1504756666381},{"_id":"themes/casual/source/1.png","hash":"3e281b28a226ee4c19d2d3da06c8ab21491c679d","modified":1504755025713},{"_id":"themes/casual/source/404.html","hash":"2f3a2867a82761e74e35aa8ce0c9396d83046728","modified":1504756666383},{"_id":"themes/casual/source/favicon.png","hash":"0c53dc95d769916545f9d14d569d670a160790c9","modified":1504756666385},{"_id":"themes/casual/languages/en.yml","hash":"48b3edee1953f5b4d9be6e4d6c04e0bc5d7e9407","modified":1504756666370},{"_id":"themes/casual/languages/zh-cn.yml","hash":"52f2c39375aadd3ba2dbf4487471fd9303475bb2","modified":1504756666370},{"_id":"themes/casual/source/weixin.jpg","hash":"10933b6642add60d3782a2c8e9e201194ea0b566","modified":1504756666408},{"_id":"themes/casual/.git/hooks/commit-msg.sample","hash":"ee1ed5aad98a435f2020b6de35c173b75d9affac","modified":1504756657674},{"_id":"themes/casual/.git/hooks/post-update.sample","hash":"b614c2f63da7dca9f1db2e7ade61ef30448fc96c","modified":1504756657675},{"_id":"themes/casual/.git/hooks/applypatch-msg.sample","hash":"4de88eb95a5e93fd27e78b5fb3b5231a8d8917dd","modified":1504756657672},{"_id":"themes/casual/.git/hooks/pre-commit.sample","hash":"36aed8976dcc08b5076844f0ec645b18bc37758f","modified":1504756657678},{"_id":"themes/casual/.git/hooks/pre-push.sample","hash":"5c8518bfd1d1d3d2c1a7194994c0a16d8a313a41","modified":1504756657680},{"_id":"themes/casual/.git/hooks/pre-rebase.sample","hash":"5885a56ab4fca8075a05a562d005e922cde9853b","modified":1504756657681},{"_id":"themes/casual/.git/logs/HEAD","hash":"6bd2257a4dc371cf19d55398247ec96634cde76a","modified":1504756666356},{"_id":"themes/casual/.git/hooks/prepare-commit-msg.sample","hash":"2b6275eda365cad50d167fe3a387c9bc9fedd54f","modified":1504756657683},{"_id":"themes/casual/.git/hooks/update.sample","hash":"39355a075977d05708ef74e1b66d09a36e486df1","modified":1504756657684},{"_id":"themes/casual/layout/mixins/paginator.jade","hash":"052595232bc3c4d8003e4e336ddf2b13914e4cd2","modified":1504756666373},{"_id":"themes/casual/layout/mixins/post.jade","hash":"cded0d69c9803c3f62007de217f725438e148a49","modified":1504756666374},{"_id":"themes/casual/layout/partial/comment.jade","hash":"e4e87ba9595be90388e3b05ed636f7ad8596f04d","modified":1504756666375},{"_id":"themes/casual/layout/partial/footer.jade","hash":"80bb8f89effed8a4fc9fd80371091f600100c53f","modified":1504756666375},{"_id":"themes/casual/layout/partial/layout.jade","hash":"01bf65775fc561973d634e67dd15a23e7a17f34f","modified":1504756666377},{"_id":"themes/casual/layout/partial/header.jade","hash":"02167ef79afea8a2950e9401dff5ce12578ac75a","modified":1504771164152},{"_id":"themes/casual/layout/partial/nav.jade","hash":"5697767647c0218b2e3ab7a6abae8a9e871615e1","modified":1504756666378},{"_id":"themes/casual/layout/partial/scripts.jade","hash":"23c70b2fb51f07fa3deb149a8844595725ecfd59","modified":1504756666379},{"_id":"themes/casual/layout/partial/sidebar.jade","hash":"97eb89938dc3176706e45c2425a3bd374f59bfc7","modified":1504756666379},{"_id":"themes/casual/source/css/icon.css","hash":"9bdcd8d84c63961d526dc30abfdf1035b7b62243","modified":1504756666385},{"_id":"themes/casual/layout/partial/head.jade","hash":"d44ea5a8639a42af8c71f0f3202a4263b0505c95","modified":1504756666376},{"_id":"themes/casual/layout/partial/social.jade","hash":"cf8379bae37e5e51d4b315c238a4d6c68f473a74","modified":1504756666380},{"_id":"themes/casual/source/font/bdfont-symbol.svg","hash":"1ef10e9765617e36f2cc67deae2bef3e1043d22a","modified":1504756666386},{"_id":"themes/casual/.git/hooks/pre-applypatch.sample","hash":"f208287c1a92525de9f5462e905a9d31de1e2d75","modified":1504756657676},{"_id":"themes/casual/source/font/bdfont.eot","hash":"19f5432f3cbc3268bc6c4f6f0c1812a5882e557f","modified":1504756666387},{"_id":"themes/casual/source/font/bdfont.ttf","hash":"b57a87a17bd059004abb693489aaabecc944431d","modified":1504756666389},{"_id":"themes/casual/source/font/bdfont.woff","hash":"ccaee290b49abb083ae7ce91e393b28b7d097e64","modified":1504756666389},{"_id":"themes/casual/source/font/sourcesanspro.woff2","hash":"da65f527a8da65d5eb6721626d28cfdb46ab104a","modified":1504756666391},{"_id":"themes/casual/source/js/posfixed.js","hash":"42527bee2df2ce763a8edbfdf2766d872d052306","modified":1504756666394},{"_id":"themes/casual/source/js/search.js","hash":"ab97a11b1f8f7bff6c56c1defbf75f4faa1d8ab7","modified":1504756666395},{"_id":"themes/casual/source/js/utils.js","hash":"502169af067bcf9cf64f33f8314a3d189e9aca2e","modified":1504756666397},{"_id":"themes/casual/source/scss/casual.scss","hash":"c3378d8bdeb4dbbdce264e580c9681d3f59b9f92","modified":1504756666406},{"_id":"themes/casual/source/font/sourcesanspro.woff","hash":"a6722c9b6439b7a020a9be3d3178970757a9265c","modified":1504756666390},{"_id":"themes/casual/source/font/bdfont.svg","hash":"fddc0d9de1487ef311ead7e98d2542d44ce65a1c","modified":1504756666388},{"_id":"themes/casual/.git/info/exclude","hash":"c879df015d97615050afa7b9641e3352a1e701ac","modified":1504756657685},{"_id":"themes/casual/source/image/default_thumbnail.jpg","hash":"13c27c0902ecdd9eb9b11ea8a711f7f6575bb92b","modified":1504756666393},{"_id":"themes/casual/.git/refs/heads/master","hash":"2e431f20ec8563f134f0a5f142888c38a26daf9d","modified":1504756666354},{"_id":"themes/casual/.git/objects/pack/pack-dec9523ae8199ab7b18cc476c4a760c2a41bccb9.idx","hash":"cc3b93966daf52a531f32b3474f9560c1e6ac118","modified":1504756666158},{"_id":"themes/casual/source/scss/_partial/base.scss","hash":"040c24e6f49ca51301c050fcbd09a2ff42685e15","modified":1504756666398},{"_id":"themes/casual/source/scss/_partial/footer.scss","hash":"a3559adbdd7448a655c1c825603fbfa0664bb2c8","modified":1504756666399},{"_id":"themes/casual/source/scss/_partial/mq.scss","hash":"f4327fcc2bf2fef8a7eaf76716c6d2f44079e330","modified":1504772282108},{"_id":"themes/casual/source/scss/_partial/header.scss","hash":"b1ff2b6afe4c1de95725218ca7571ced923406df","modified":1504780211171},{"_id":"themes/casual/source/scss/_partial/normalize.scss","hash":"ef152695cc1e2ccdd82bd3314da526723274dfd2","modified":1504756666401},{"_id":"themes/casual/source/scss/_partial/post.scss","hash":"7c79e9621c0b5feea2499508402b8d9975769dbd","modified":1504774584162},{"_id":"themes/casual/source/scss/_partial/sidebar.scss","hash":"ee8683e3634ce1ceb34e6ffc4a733b865bfe71ce","modified":1504756666404},{"_id":"themes/casual/source/scss/_partial/resume.scss","hash":"30afd5f49c7fdbd2a312158d98ddc04641a63f86","modified":1504756666404},{"_id":"themes/casual/.git/logs/refs/heads/master","hash":"6bd2257a4dc371cf19d55398247ec96634cde76a","modified":1504756666355},{"_id":"themes/casual/.git/refs/remotes/origin/HEAD","hash":"d9427cda09aba1cdde5c69c2b13c905bddb0bc51","modified":1504756666349},{"_id":"themes/casual/.git/logs/refs/remotes/origin/HEAD","hash":"6bd2257a4dc371cf19d55398247ec96634cde76a","modified":1504756666351},{"_id":"themes/casual/.git/objects/pack/pack-dec9523ae8199ab7b18cc476c4a760c2a41bccb9.pack","hash":"f097f73e60825577ad79c2de0df1d11518f76c85","modified":1504756666204},{"_id":"public/atom.xml","hash":"e47e42534db9c305b0db7aba18cb216183f45006","modified":1504779757946},{"_id":"public/search.xml","hash":"9938bd14e465af9c5e076ce4cf071b10445c9657","modified":1504775041645},{"_id":"public/sitemap.xml","hash":"fb408247c991223ec124fde518d10eaa67115174","modified":1504779757946},{"_id":"public/2017/09/07/test17907/index.html","hash":"1d5310d8f8dffd31b8d27f40f3a0ff89b2c1c3d1","modified":1504781125811},{"_id":"public/2017/09/07/hello-world/index.html","hash":"37ffb27deeaff87992d732929d43a59eb7dff234","modified":1504781125811},{"_id":"public/archives/index.html","hash":"72a38cdb0c380695e1965edb91cbc7f7539c1cbf","modified":1504781125811},{"_id":"public/archives/2017/index.html","hash":"72a38cdb0c380695e1965edb91cbc7f7539c1cbf","modified":1504781125811},{"_id":"public/archives/2017/09/index.html","hash":"72a38cdb0c380695e1965edb91cbc7f7539c1cbf","modified":1504781125811},{"_id":"public/index.html","hash":"46d7eafcbe8ca956b2c03c97fb1d5e2e71a49102","modified":1504781125812},{"_id":"public/tags/建站/index.html","hash":"b67af6e70785bf576a67381e64b11640654246cf","modified":1504781125812}],"Category":[],"Data":[],"Page":[],"Post":[{"title":"test17907","date":"2017-09-07T08:37:14.000Z","bgimage":null,"_content":"","source":"_posts/test17907.md","raw":"---\ntitle: test17907\ntags:\n  - ''\ndate: 2017-09-07 16:37:14\nbgimage:\n---\n","slug":"test17907","published":1,"updated":"2017-09-07T08:37:14.537Z","comments":1,"layout":"post","photos":[],"link":"","_id":"cj7a7w6mf0000qsfhj10yl5gn","content":"","site":{"data":{}},"excerpt":"","more":""},{"title":"一步一步教你在阿里云服务器上用Tomcat发布你的HTML网站","date":"2017-09-07T03:17:45.000Z","bgimage":"http://ovnev1k2d.bkt.clouddn.com/tomcat.jpg","_content":"> 人生如寄，似水流年\n> 如河驶流，往而不返\n> 最惧无常，独遭斯疾\n\n<!--more-->\n## 安装JDK和Tomcat\n1 安装JDK：直接运行jdk-7-windows-i586.exe可执行程序，默认安装即可。\n\n备注：路径可以其他盘符，不建议路径包含中文名及特殊符号。\n\n2 安装Tomcat：直接解压缩下载文件“apache-tomcat-7.0.33-windows-x86.zip”到C盘下。安装路径建议修改为：c:\\tomcat。\n \n备注：如下载的是可执行文件，双击运行，默认安装即可。\n\n## 配置JDK环境变量（在步骤查看如何配置环境变量）\n\n1，新建变量名：JAVA_HOME，变量值：C:\\Program Files\\Java\\jdk1.7.0（你的jdk目录）\n2，打开PATH，添加变量值：%JAVA_HOME%\\bin;%JAVA_HOME%\\jre\\bin\n\n3，新建变量名：CLASSPATH，变量值：.;%JAVA_HOME%\\lib\\dt.jar;%JAVA_HOME%\\lib\\tools.jar\n\n备注：\n\n1，.表示当前路径，%JAVA_HOME%就是引用前面指定的JAVA_HOME；\n\n2，JAVA_HOME指明JDK安装路径，此路径下包括lib，bin，jre等文件夹，tomcat，eclipse等的运行都需要依靠此变量。\n\n3，PATH使得系统可以在任何路径下识别java命令。\n\n4，CLASSPATH为java加载类(class or lib)路径，只有类在classpath中，java命令才能识别。\n\n## 测试JDK\n\n在CMD命令下输入javac\n## 配置Tomcat环境变量\n\n1，新建变量名：CATALINA_BASE，变量值：C:\\tomcat\n\n2，新建变量名：CATALINA_HOME，变量值：C:\\tomcat\n\n3，打开PATH，添加变量值：%CATALINA_HOME%\\lib;%CATALINA_HOME%\\bin\n\n## 启动Tomcat服务\n\n方法两种：\n\n1，方法一：在CMD命令下输入命令：startup，出现如下对话框，表明服务启动成功。\n\n## 测试Tomcat\n\n打开浏览器，在地址栏中输入http://localhost:8080回车，如果看到Tomcat自带的一个JSP页面，说明你的JDK和Tomcat已搭建成功。","source":"_posts/hello-world.md","raw":"---\ntitle: 一步一步教你在阿里云服务器上用Tomcat发布你的HTML网站\ndate: 2017-09-07 11:17:45\ntags: [\"建站\"]\nbgimage: http://ovnev1k2d.bkt.clouddn.com/tomcat.jpg\n---\n> 人生如寄，似水流年\n> 如河驶流，往而不返\n> 最惧无常，独遭斯疾\n\n<!--more-->\n## 安装JDK和Tomcat\n1 安装JDK：直接运行jdk-7-windows-i586.exe可执行程序，默认安装即可。\n\n备注：路径可以其他盘符，不建议路径包含中文名及特殊符号。\n\n2 安装Tomcat：直接解压缩下载文件“apache-tomcat-7.0.33-windows-x86.zip”到C盘下。安装路径建议修改为：c:\\tomcat。\n \n备注：如下载的是可执行文件，双击运行，默认安装即可。\n\n## 配置JDK环境变量（在步骤查看如何配置环境变量）\n\n1，新建变量名：JAVA_HOME，变量值：C:\\Program Files\\Java\\jdk1.7.0（你的jdk目录）\n2，打开PATH，添加变量值：%JAVA_HOME%\\bin;%JAVA_HOME%\\jre\\bin\n\n3，新建变量名：CLASSPATH，变量值：.;%JAVA_HOME%\\lib\\dt.jar;%JAVA_HOME%\\lib\\tools.jar\n\n备注：\n\n1，.表示当前路径，%JAVA_HOME%就是引用前面指定的JAVA_HOME；\n\n2，JAVA_HOME指明JDK安装路径，此路径下包括lib，bin，jre等文件夹，tomcat，eclipse等的运行都需要依靠此变量。\n\n3，PATH使得系统可以在任何路径下识别java命令。\n\n4，CLASSPATH为java加载类(class or lib)路径，只有类在classpath中，java命令才能识别。\n\n## 测试JDK\n\n在CMD命令下输入javac\n## 配置Tomcat环境变量\n\n1，新建变量名：CATALINA_BASE，变量值：C:\\tomcat\n\n2，新建变量名：CATALINA_HOME，变量值：C:\\tomcat\n\n3，打开PATH，添加变量值：%CATALINA_HOME%\\lib;%CATALINA_HOME%\\bin\n\n## 启动Tomcat服务\n\n方法两种：\n\n1，方法一：在CMD命令下输入命令：startup，出现如下对话框，表明服务启动成功。\n\n## 测试Tomcat\n\n打开浏览器，在地址栏中输入http://localhost:8080回车，如果看到Tomcat自带的一个JSP页面，说明你的JDK和Tomcat已搭建成功。","slug":"hello-world","published":1,"updated":"2017-09-07T09:17:26.709Z","_id":"cj7a7w6zn0001qsfhmp7o2pea","comments":1,"layout":"post","photos":[],"link":"","content":"<blockquote>\n<p>人生如寄，似水流年<br>如河驶流，往而不返<br>最惧无常，独遭斯疾</p>\n</blockquote>\n<a id=\"more\"></a>\n<h2 id=\"安装JDK和Tomcat\"><a href=\"#安装JDK和Tomcat\" class=\"headerlink\" title=\"安装JDK和Tomcat\"></a>安装JDK和Tomcat</h2><p>1 安装JDK：直接运行jdk-7-windows-i586.exe可执行程序，默认安装即可。</p>\n<p>备注：路径可以其他盘符，不建议路径包含中文名及特殊符号。</p>\n<p>2 安装Tomcat：直接解压缩下载文件“apache-tomcat-7.0.33-windows-x86.zip”到C盘下。安装路径建议修改为：c:\\tomcat。</p>\n<p>备注：如下载的是可执行文件，双击运行，默认安装即可。</p>\n<h2 id=\"配置JDK环境变量（在步骤查看如何配置环境变量）\"><a href=\"#配置JDK环境变量（在步骤查看如何配置环境变量）\" class=\"headerlink\" title=\"配置JDK环境变量（在步骤查看如何配置环境变量）\"></a>配置JDK环境变量（在步骤查看如何配置环境变量）</h2><p>1，新建变量名：JAVA_HOME，变量值：C:\\Program Files\\Java\\jdk1.7.0（你的jdk目录）<br>2，打开PATH，添加变量值：%JAVA_HOME%\\bin;%JAVA_HOME%\\jre\\bin</p>\n<p>3，新建变量名：CLASSPATH，变量值：.;%JAVA_HOME%\\lib\\dt.jar;%JAVA_HOME%\\lib\\tools.jar</p>\n<p>备注：</p>\n<p>1，.表示当前路径，%JAVA_HOME%就是引用前面指定的JAVA_HOME；</p>\n<p>2，JAVA_HOME指明JDK安装路径，此路径下包括lib，bin，jre等文件夹，tomcat，eclipse等的运行都需要依靠此变量。</p>\n<p>3，PATH使得系统可以在任何路径下识别java命令。</p>\n<p>4，CLASSPATH为java加载类(class or lib)路径，只有类在classpath中，java命令才能识别。</p>\n<h2 id=\"测试JDK\"><a href=\"#测试JDK\" class=\"headerlink\" title=\"测试JDK\"></a>测试JDK</h2><p>在CMD命令下输入javac</p>\n<h2 id=\"配置Tomcat环境变量\"><a href=\"#配置Tomcat环境变量\" class=\"headerlink\" title=\"配置Tomcat环境变量\"></a>配置Tomcat环境变量</h2><p>1，新建变量名：CATALINA_BASE，变量值：C:\\tomcat</p>\n<p>2，新建变量名：CATALINA_HOME，变量值：C:\\tomcat</p>\n<p>3，打开PATH，添加变量值：%CATALINA_HOME%\\lib;%CATALINA_HOME%\\bin</p>\n<h2 id=\"启动Tomcat服务\"><a href=\"#启动Tomcat服务\" class=\"headerlink\" title=\"启动Tomcat服务\"></a>启动Tomcat服务</h2><p>方法两种：</p>\n<p>1，方法一：在CMD命令下输入命令：startup，出现如下对话框，表明服务启动成功。</p>\n<h2 id=\"测试Tomcat\"><a href=\"#测试Tomcat\" class=\"headerlink\" title=\"测试Tomcat\"></a>测试Tomcat</h2><p>打开浏览器，在地址栏中输入<a href=\"http://localhost:8080回车，如果看到Tomcat自带的一个JSP页面，说明你的JDK和Tomcat已搭建成功。\" target=\"_blank\" rel=\"external\">http://localhost:8080回车，如果看到Tomcat自带的一个JSP页面，说明你的JDK和Tomcat已搭建成功。</a></p>\n","site":{"data":{}},"excerpt":"<blockquote>\n<p>人生如寄，似水流年<br>如河驶流，往而不返<br>最惧无常，独遭斯疾</p>\n</blockquote>","more":"<h2 id=\"安装JDK和Tomcat\"><a href=\"#安装JDK和Tomcat\" class=\"headerlink\" title=\"安装JDK和Tomcat\"></a>安装JDK和Tomcat</h2><p>1 安装JDK：直接运行jdk-7-windows-i586.exe可执行程序，默认安装即可。</p>\n<p>备注：路径可以其他盘符，不建议路径包含中文名及特殊符号。</p>\n<p>2 安装Tomcat：直接解压缩下载文件“apache-tomcat-7.0.33-windows-x86.zip”到C盘下。安装路径建议修改为：c:\\tomcat。</p>\n<p>备注：如下载的是可执行文件，双击运行，默认安装即可。</p>\n<h2 id=\"配置JDK环境变量（在步骤查看如何配置环境变量）\"><a href=\"#配置JDK环境变量（在步骤查看如何配置环境变量）\" class=\"headerlink\" title=\"配置JDK环境变量（在步骤查看如何配置环境变量）\"></a>配置JDK环境变量（在步骤查看如何配置环境变量）</h2><p>1，新建变量名：JAVA_HOME，变量值：C:\\Program Files\\Java\\jdk1.7.0（你的jdk目录）<br>2，打开PATH，添加变量值：%JAVA_HOME%\\bin;%JAVA_HOME%\\jre\\bin</p>\n<p>3，新建变量名：CLASSPATH，变量值：.;%JAVA_HOME%\\lib\\dt.jar;%JAVA_HOME%\\lib\\tools.jar</p>\n<p>备注：</p>\n<p>1，.表示当前路径，%JAVA_HOME%就是引用前面指定的JAVA_HOME；</p>\n<p>2，JAVA_HOME指明JDK安装路径，此路径下包括lib，bin，jre等文件夹，tomcat，eclipse等的运行都需要依靠此变量。</p>\n<p>3，PATH使得系统可以在任何路径下识别java命令。</p>\n<p>4，CLASSPATH为java加载类(class or lib)路径，只有类在classpath中，java命令才能识别。</p>\n<h2 id=\"测试JDK\"><a href=\"#测试JDK\" class=\"headerlink\" title=\"测试JDK\"></a>测试JDK</h2><p>在CMD命令下输入javac</p>\n<h2 id=\"配置Tomcat环境变量\"><a href=\"#配置Tomcat环境变量\" class=\"headerlink\" title=\"配置Tomcat环境变量\"></a>配置Tomcat环境变量</h2><p>1，新建变量名：CATALINA_BASE，变量值：C:\\tomcat</p>\n<p>2，新建变量名：CATALINA_HOME，变量值：C:\\tomcat</p>\n<p>3，打开PATH，添加变量值：%CATALINA_HOME%\\lib;%CATALINA_HOME%\\bin</p>\n<h2 id=\"启动Tomcat服务\"><a href=\"#启动Tomcat服务\" class=\"headerlink\" title=\"启动Tomcat服务\"></a>启动Tomcat服务</h2><p>方法两种：</p>\n<p>1，方法一：在CMD命令下输入命令：startup，出现如下对话框，表明服务启动成功。</p>\n<h2 id=\"测试Tomcat\"><a href=\"#测试Tomcat\" class=\"headerlink\" title=\"测试Tomcat\"></a>测试Tomcat</h2><p>打开浏览器，在地址栏中输入<a href=\"http://localhost:8080回车，如果看到Tomcat自带的一个JSP页面，说明你的JDK和Tomcat已搭建成功。\" target=\"_blank\" rel=\"external\">http://localhost:8080回车，如果看到Tomcat自带的一个JSP页面，说明你的JDK和Tomcat已搭建成功。</a></p>"}],"PostAsset":[],"PostCategory":[],"PostTag":[{"post_id":"cj7a7w6zn0001qsfhmp7o2pea","tag_id":"cj7a7w6zt0002qsfhzcddso5s","_id":"cj7a7w6zv0003qsfhk9gk6esf"}],"Tag":[{"name":"建站","_id":"cj7a7w6zt0002qsfhzcddso5s"}]}}